Call From,Group,Employees,Start Time,End Time,Caller Name,Caller Address,Caller Email,Caller Business,Remark,Rate,Pulse,Call Status,Call ID,Reference ID,Assign To,Last Modified,filename
"8884407539","TESTINGLEADGRP","Ashwini Naidu","2017-01-23 09:49:23","2017-01-15 12:49:23","ashwini","sadf as","ashwini.134@gmail.com","","test remark test remark","0","1","CONNECTING","16","3453","Ashwini Naidu","2017-03-21 16:07:45","077478255511417858723.wav"
"8147375687","VIJAYKARNATAKAS","Ashwini","2017-01-23 07:49:23","2017-01-13 20:49:23","ASHWINI N","#001,bangalore","sadfa@asdf.com","","asad","0","0","CANCEL","14","0","Ashwini Naidu","2016-12-08 10:58:37",""
"8884407539","VMCtech 13","bhulakshmi","2017-01-19 18:49:23","2017-01-17 19:49:23","ashwini","sadf as","ashwini.134@gmail.com","","test remark test remark","0","0","CONNECTING","13","3453","Ashwini Naidu","2015-08-27 16:39:40","077478255511417858723.wav"
"9035031660","VMCtech 13","Ashwini","2017-01-18 17:49:23","2017-01-14 20:49:23","","","","","","0","71","ANSWER","17","0",,"2017-01-19 19:03:15",""
