Call From,Group,Employees,Start Time,End Time,Caller Name,Caller Address,Caller Email,Caller Business,Remark,Rate,Pulse,Duration,Call Status,Call ID,Reference ID,Assign To,Last Modified,filename
"00918884407539",,"Ashwini Naidu","2016-07-05 17:33:23","2016-07-05 18:33:23","","","","","","0","3","129","ANSWER","0","0","3",,""
"08147375687",,"Ashwini Naidu","2016-07-04 17:33:23","2016-07-04 18:33:23","padma","","padma@gmail.com","","","0","0","0","CANCEL","2","0","1",,""
"08147375687",,"Ashwini Naidu","2016-07-04 17:33:23","2016-07-04 18:33:23","padma","padma","padma@gmail.com","padma","padmapadma","7","0","0","CANCEL","4","0","1",,""
"00918884264264",,"Ashwini Naidu","2016-06-01 17:33:23","2016-06-01 18:33:23","fg hf","d fghdfg","","fd gh","d fghd f fghd fgh df","6","0","0","NOANSWER","0","0","1",,"009188842642641351868422.wav"
